peatix_id,icon_name,comment
4964511,jshin,I love Vim!
4964514,nametake,nametake
4964516,noimage,yasu-n
4964543,whtrix,Tetsuya Ito
4964549,yasuhiroki,yasuhiroki
4964552,yaegassy,yaegassy
4964568,notomo,notomo
4964605,Kuniwak,Kuniwak
4964623,tkancf,tkancf
4964656,takaxp,takaxp
4964680,yoshitia,Happy Vim Life!
4964701,tsukkee,tsukkee
4964837,ShougoMatsu,Shougo
4964865,cympfh,cympfh
4964871,tarumzu,tarumzu
4965071,284km,Asakusa.vimにいくね
4967863,KazuakiM,kazuakiM
4968045,KazuhiroYoshikawa,Kazuhiro YOSHIKAWA
4965339,heavenshell,
4967923,basyura,basyura
4969562,MichiruShirakawa,micchie
4973289,lighttiger2505,lighttiger2505
4969006,itkr,itkr
4981868,yukpiz,yukpiz
5018573,yoshidahyoga,僕のバイト代です！
5018759,pocke,pocke
5018759,pocke,pocke
5058103,74th,74th
5058114,dohq,dohq
5058177,deris0126,I'm so excited!
5058199,raa0121,raa0121
5058274,Tacahiroy,Tacahiroy
5058487,dictav,dictav
5060478,a_matsuda,a_matsuda
5067812,rattcv,rattcv
5070075,ryo7000,ryo7000
5078207,KMNK,KMNK
5086210,tmtk75,tmtk75
4973289,lighttiger2505,Vim changed my life!
