"url","title"
https://daisuzu.hatenablog.com/entry/2019/11/03/223955,VimConf 2019に行ってきた - daisuzu's notes
http://tenderness330.hatenablog.jp/entry/2019/11/03/225005,■ - 勉強のモチベーションになればいいなと
https://twitter.com/_a0i/status/1190944750309793792,"あおいさんのツイート: ""今年も楽しかったよーーーーVimConf!!!!!!! #vimconf… """
http://inazuma110.hatenablog.com/entry/2019/11/03/235024,Vimconf2019に参加してきました - イナズマの日記
https://scrapbox.io/vimemo/VimConf_2019_%E3%81%AB%E8%A1%8C%E3%81%A3%E3%81%9F,VimConf 2019 に行った - vimemo
https://scrapbox.io/uochan/VimConf_2019_%E3%81%AB%E5%8F%82%E5%8A%A0%E3%81%97%E3%81%A6,VimConf 2019 に参加して - uochan
https://qiita.com/lighttiger2505/items/9e9b8f487adb530078ea,VimConf2019参加(+LT発表)レポート - QiitaQiita
https://scrapbox.io/jiro4989/VimConf_2019,VimConf 2019 - /home/jiro4989
http://vinarian.blogspot.com/2019/11/vimconf-2019.html,あるVimmerのブログ: ポエム VimConf 2019 を終えて
https://mattn.kaoriya.net/software/vim/20191104143141.htm,Big Sky :: VimConf 2019 を終えて
https://meganemusume.net/post/201910300830_vimconf2019/,vimconf2019
https://shori.netlify.com/VimConf2019/,$vim vimconf2019record.md | Shoris Tech Blog
https://quipper.hatenablog.com/entry/mopp_vimconf2019,VimConf 2019 の運営スタッフと登壇とスポンサーをした話 - Quipper Product Team Blog
https://miyamizu.hatenadiary.jp/entry/2019/vimconf,ただVimを使っている人がVimConfに参加して学んだこと - 宮水の日記
https://medium.com/@tadsan/vimconf-2019に参加した-vimconf-a97941166c1c,VimConf 2019に参加した #vimconf - USAMI Kenta @tadsan - Medium
https://getmepower.hatenablog.com/entry/2019/11/05/175727,VimConf 2019を終えて - GetMePower’s blog
https://gorilla.netlify.com/articles/20191103-vimconf-2019.html,VimConf2019に参加＆発表してきた | ゴリラの技術ブログ
http://note103.hateblo.jp/entry/2019/11/05/122027,VimConf 2019に行ってきた - the code to rock
http://gsagawa.hatenablog.com/entry/2019/11/06/191142,VimConf2019参加レポート - Go Notes
http://replicity.hateblo.jp/entry/2019/11/07/024157,Vimconf2019に行ってきました - replicityの日記
https://engineer.dena.jp/2019/11/vimconf.html,VimConf 2019参加レポート - Technology of DeNA
https://qiita.com/k-takata/items/c0d03cba83a0aa0be14b,VimConf 2019 に参加してきた - QiitaQiita
https://yoshitia.hatenablog.com/entry/2019/11/09/230915,VimConf2019に参加した - yoshitia’s diary
http://diginatu.github.io/vim/2019/11/10/vim-conf-2019.html,VimConf 2019 参加記録
https://thinca.hatenablog.com/entry/vimconf2019,VimConf 2019 が開催されて1週間が過ぎました - 永遠に未完成
http://diginatu.github.io/vim/2019/11/10/vim-conf-2019.html,VimConf 2019 参加記録
